<?xml version="1.0" encoding="ISO-8859-1"?>
<?xml-stylesheet type="text/css" href="adempiereDocument.css"?>

<adempiereDocument>
    <header>HR_Loan_Type Package Description</header>
    <H1>Package Name:</H1>
    <packagename>HR_Loan_Type</packagename>
    <H1>Creator:</H1>
    <creator>jrodriguez</creator>
    <H1>Email Address:</H1>
    <creatorcontact>jrodriguez@dcsla.com</creatorcontact>
    <H1>Created:</H1>
    <createddate>2012-09-10 08:19:24</createddate>
    <H1>Updated:</H1>
    <updateddate>2012-09-10 10:49:21</updateddate>
    <H1>Description:</H1>
    <description>Referencia HR_Loan_Type - Tipos de Pr�stamos</description>
    <H1>Instructions:</H1>
    <instructions>Ejecutar al final de todos los paquetes</instructions>
    <H1>Files in Package:</H1>
    <file>File: PackOut.xml</file>
    <filedirectory>Directory: \dict\</filedirectory>
    <filenotes>Notes: Contains all application/object settings for package</filenotes>
</adempiereDocument>
