<?xml version="1.0" encoding="ISO-8859-1"?>
<?xml-stylesheet type="text/css" href="adempiereDocument.css"?>

<adempiereDocument>
    <header>TalentoHumanoHigiene Package Description</header>
    <H1>Package Name:</H1>
    <packagename>TalentoHumanoHigiene</packagename>
    <H1>Creator:</H1>
    <creator>jrodriguez</creator>
    <H1>Email Address:</H1>
    <creatorcontact>jrodriguez@dcsla.com</creatorcontact>
    <H1>Created:</H1>
    <createddate>2012-08-09 11:44:28</createddate>
    <H1>Updated:</H1>
    <updateddate>2012-08-16 11:01:50</updateddate>
    <H1>Description:</H1>
    <description>Todo el m�dulo de talento humano</description>
    <H1>Instructions:</H1>
    <instructions>Importar s�lo este paquete</instructions>
    <H1>Files in Package:</H1>
    <file>File: PackOut.xml</file>
    <filedirectory>Directory: \dict\</filedirectory>
    <filenotes>Notes: Contains all application/object settings for package</filenotes>
</adempiereDocument>
