<?xml version="1.0" encoding="ISO-8859-1"?>
<?xml-stylesheet type="text/css" href="adempiereDocument.css"?>

<adempiereDocument>
    <header>Empleado Package Description</header>
    <H1>Package Name:</H1>
    <packagename>Empleado</packagename>
    <H1>Creator:</H1>
    <creator>jrodriguez</creator>
    <H1>Email Address:</H1>
    <creatorcontact>jrodriguez</creatorcontact>
    <H1>Created:</H1>
    <createddate>2011-08-30 15:00:19</createddate>
    <H1>Updated:</H1>
    <updateddate>2012-09-11 07:36:31</updateddate>
    <H1>Description:</H1>
    <description>Empleado</description>
    <H1>Instructions:</H1>
    <instructions>Empleado</instructions>
    <H1>Files in Package:</H1>
    <file>File: PackOut.xml</file>
    <filedirectory>Directory: \dict\</filedirectory>
    <filenotes>Notes: Contains all application/object settings for package</filenotes>
</adempiereDocument>
