<?xml version="1.0" encoding="ISO-8859-1"?>
<adempiereAD Name="LVE_DeleteOrCancelInvoice" Version="1.0" CompVer="Release 2.5.2a" DataBase="1.0" Description="LVE_DeleteOrCancelInvoice" creator="doubleclick" creatorcontact="rsalazar@dcsla.com" createddate="2011-08-30 10:50:49" updateddate="2011-10-06 10:44:34" PackOutVer="005">
    <menu ADMenuNameID="Delete Or Cancel Invoice" ADWindowNameID="" ADProcessNameID="Delete Or Cancel Invoice" ADFormNameID="" ADTaskNameID="" ADWorkbenchNameID="" ADWorkflowNameID="" ADParentMenuNameID="Quote-to-invoice" ADParentSeqno="0" Action="P" Description="Delete Or Cancel Invoice" EntityType="DCS" isActive="true" isReadOnly="false" isSOTrx="false" isSummary="false">
        <process Name="Delete Or Cancel Invoice" ADWorkflowNameID="" ADProcessNameID="Delete Or Cancel Invoice" ADPrintFormatNameID="" ADReportViewNameID="" AccessLevel="1" Classname="org.doubleclick.process.LVE_DeleteOrCancelInvoice" Description="Delete Or Cancel Invoice" EntityType="DCS" Help="Delete Or Cancel Invoice" isBetaFunctionality="false" isDirectPrint="false" isReport="false" isActive="true" ProcedureName="" StatisticCount="0" StatisticSeconds="0" Value="LVE_deleteOrCancelInvoice" WorkflowValue="" ShowHelp="Y" JasperReport="">
            <reference AD_Reference_ID="18" name="Table" Description="Table List" EntityType="D" Help="" Name="Table" isActive="true" VFormat="" ValidationType="D"/>
            <reference AD_Reference_ID="129" name="AD_Client" Description="Client selection" EntityType="D" Help="" Name="AD_Client" isActive="true" VFormat="" ValidationType="T">
                <referencetable AD_Reference_ID="129" ADRefenceNameID="AD_Client" ADTableNameID="AD_Client" ADDisplay="Name" Key="AD_Client_ID" EntityType="D" IsValueDisplayed="N" OrderByClause="AD_Client.Name" isActive="Y" WhereClause=""/>
            </reference>
            <processpara Name="Client" ADProcessValueID="LVE_deleteOrCancelInvoice" ADProcessParaNameID="Client" ADElementNameID="" ADReferenceNameID="Table" ADReferenceValueNameID="AD_Client" ADValRuleNameID="" ColumnName="AD_Client_ID" DefaultValue="@#AD_Client_ID@" DefaultValue2="" Description="Client/Tenant for this installation." EntityType="DCS" Help="A Client is a company or a legal entity. You cannot share data between Clients. Tenant is a synonym for Client." isActive="true" VFormat="" ValueMax="" ValueMin="" SeqNo="10" FieldLength="0" isCentrallyMaintained="true" isMandatory="true" isRange="false"/>
            <reference AD_Reference_ID="130" name="AD_Org (Trx)" Description="Organization selection, no summary, no 0" EntityType="D" Help="" Name="AD_Org (Trx)" isActive="true" VFormat="" ValidationType="T">
                <referencetable AD_Reference_ID="130" ADRefenceNameID="AD_Org (Trx)" ADTableNameID="AD_Org" ADDisplay="Name" Key="AD_Org_ID" EntityType="D" IsValueDisplayed="Y" OrderByClause="AD_Org.Name" isActive="Y" WhereClause="AD_Org.IsSummary='N' AND AD_Org_ID &lt;&gt; 0"/>
            </reference>
            <processpara Name="Organization" ADProcessValueID="LVE_deleteOrCancelInvoice" ADProcessParaNameID="Organization" ADElementNameID="" ADReferenceNameID="Table" ADReferenceValueNameID="AD_Org (Trx)" ADValRuleNameID="" ColumnName="AD_Org_ID" DefaultValue="@#AD_Org_ID@" DefaultValue2="" Description="Organizational entity within client" EntityType="DCS" Help="An organization is a unit of your client or legal entity - examples are store, department. You can share data between organizations." isActive="true" VFormat="" ValueMax="" ValueMin="" SeqNo="20" FieldLength="0" isCentrallyMaintained="true" isMandatory="true" isRange="false"/>
            <reference AD_Reference_ID="30" name="Search" Description="Search Field" EntityType="D" Help="" Name="Search" isActive="true" VFormat="" ValidationType="D"/>
            <processpara Name="Business Partner " ADProcessValueID="LVE_deleteOrCancelInvoice" ADProcessParaNameID="Business Partner " ADElementNameID="C_BPartner_ID" ADReferenceNameID="Search" ADReferenceValueNameID="" ADValRuleNameID="" ColumnName="C_BPartner_ID" DefaultValue="' '" DefaultValue2="" Description="Identifies a Business Partner" EntityType="DCS" Help="A Business Partner is anyone with whom you transact.  This can include Vendor, Customer, Employee or Salesperson" isActive="true" VFormat="" ValueMax="" ValueMin="" SeqNo="30" FieldLength="0" isCentrallyMaintained="true" isMandatory="true" isRange="false"/>
            <reference AD_Reference_ID="19" name="Table Direct" Description="Direct Table Access" EntityType="D" Help="" Name="Table Direct" isActive="true" VFormat="" ValidationType="D"/>
            <dynvalrule Name="C_Invoice of delete" Code="C_Invoice.C_BPartner_ID=@C_BPartner_ID@  AND  C_Invoice.AD_Org_ID = @AD_Org_ID@ AND C_Invoice.AD_Client_ID = @AD_Client_ID@" Description="C_Invoice of delete" EntityType="DCS" Type="S" isActive="true"/>
            <processpara Name="Invoice" ADProcessValueID="LVE_deleteOrCancelInvoice" ADProcessParaNameID="Invoice" ADElementNameID="C_Invoice_ID" ADReferenceNameID="Table Direct" ADReferenceValueNameID="" ADValRuleNameID="C_Invoice of delete" ColumnName="C_Invoice_ID" DefaultValue="" DefaultValue2="" Description="Invoice Identifier" EntityType="DCS" Help="The Invoice Document." isActive="true" VFormat="" ValueMax="" ValueMin="" SeqNo="40" FieldLength="0" isCentrallyMaintained="true" isMandatory="true" isRange="false"/>
            <reference AD_Reference_ID="17" name="List" Description="Reference List" EntityType="D" Help="" Name="List" isActive="true" VFormat="" ValidationType="D"/>
            <reference name="_DeleteCancel" Description="_DeleteCancel" EntityType="DCS" Help="_DeleteCancel" Name="_DeleteCancel" isActive="true" VFormat="" ValidationType="L">
                <referencelist ADReflistNameID="Anular" ADRefenceNameID="_DeleteCancel" Description="Anular" EntityType="DCS" Name="Anular" isActive="true" Value="C"/>
                <referencelist ADReflistNameID="Eliminar" ADRefenceNameID="_DeleteCancel" Description="Eliminar" EntityType="DCS" Name="Eliminar" isActive="true" Value="D"/>
            </reference>
            <processpara Name="Action" ADProcessValueID="LVE_deleteOrCancelInvoice" ADProcessParaNameID="Action" ADElementNameID="Action" ADReferenceNameID="List" ADReferenceValueNameID="_DeleteCancel" ADValRuleNameID="" ColumnName="Action" DefaultValue="C" DefaultValue2="" Description="Indicates the Action to be performed" EntityType="DCS" Help="The Action field is a drop down list box which indicates the Action to be performed for this Item." isActive="true" VFormat="" ValueMax="" ValueMin="" SeqNo="50" FieldLength="0" isCentrallyMaintained="true" isMandatory="true" isRange="false"/>
            <reference AD_Reference_ID="14" name="Text" Description="Character String up to 2000 characters" EntityType="D" Help="" Name="Text" isActive="true" VFormat="" ValidationType="D"/>
            <processpara Name="Description" ADProcessValueID="LVE_deleteOrCancelInvoice" ADProcessParaNameID="Description" ADElementNameID="Description" ADReferenceNameID="Text" ADReferenceValueNameID="" ADValRuleNameID="" ColumnName="Description" DefaultValue="" DefaultValue2="" Description="Optional short description of the record" EntityType="DCS" Help="A description is limited to 255 characters." isActive="true" VFormat="" ValueMax="" ValueMin="" SeqNo="60" FieldLength="0" isCentrallyMaintained="true" isMandatory="true" isRange="false"/>
        </process>
    </menu>
</adempiereAD>
