<?xml version="1.0" encoding="ISO-8859-1"?>
<adempiereAD Name="LVE_deletePayment" Version="1.0" CompVer="Release 2.5.2a" DataBase="1.0" Description="LVE_deletePayment" creator="doubleclick" creatorcontact="rsalazar@dcsla.com" createddate="2011-11-28 13:48:41" updateddate="2011-11-28 13:48:41" PackOutVer="005">
    <menu ADMenuNameID="Delete Payment" ADWindowNameID="" ADProcessNameID="Delete Payment" ADFormNameID="" ADTaskNameID="" ADWorkbenchNameID="" ADWorkflowNameID="" ADParentMenuNameID="Quote-to-invoice" ADParentSeqno="1" Action="P" Description="Delete Payment" EntityType="DCS" isActive="true" isReadOnly="false" isSOTrx="false" isSummary="false">
        <process Name="Delete Payment" ADWorkflowNameID="" ADProcessNameID="Delete Payment" ADPrintFormatNameID="" ADReportViewNameID="" AccessLevel="1" Classname="org.doubleclick.process.LVE_DeletePayment" Description="Delete Payment" EntityType="DCS" Help="Delete Payment" isBetaFunctionality="false" isDirectPrint="false" isReport="false" isActive="true" ProcedureName="" StatisticCount="0" StatisticSeconds="0" Value="LVE_deletePayment" WorkflowValue="" ShowHelp="Y" JasperReport="">
            <reference AD_Reference_ID="18" name="Table" Description="Table List" EntityType="D" Help="" Name="Table" isActive="true" VFormat="" ValidationType="D"/>
            <reference AD_Reference_ID="129" name="AD_Client" Description="Client selection" EntityType="D" Help="" Name="AD_Client" isActive="true" VFormat="" ValidationType="T">
                <referencetable AD_Reference_ID="129" ADRefenceNameID="AD_Client" ADTableNameID="AD_Client" ADDisplay="Name" Key="AD_Client_ID" EntityType="D" IsValueDisplayed="N" OrderByClause="AD_Client.Name" isActive="Y" WhereClause=""/>
            </reference>
            <processpara Name="Client" ADProcessValueID="LVE_deletePayment" ADProcessParaNameID="Client" ADElementNameID="" ADReferenceNameID="Table" ADReferenceValueNameID="AD_Client" ADValRuleNameID="" ColumnName="AD_Client_ID" DefaultValue="@#AD_Client_ID@" DefaultValue2="" Description="Client/Tenant for this installation." EntityType="DCS" Help="A Client is a company or a legal entity. You cannot share data between Clients. Tenant is a synonym for Client." isActive="true" VFormat="" ValueMax="" ValueMin="" SeqNo="10" FieldLength="0" isCentrallyMaintained="true" isMandatory="true" isRange="false"/>
            <reference AD_Reference_ID="130" name="AD_Org (Trx)" Description="Organization selection, no summary, no 0" EntityType="D" Help="" Name="AD_Org (Trx)" isActive="true" VFormat="" ValidationType="T">
                <referencetable AD_Reference_ID="130" ADRefenceNameID="AD_Org (Trx)" ADTableNameID="AD_Org" ADDisplay="Name" Key="AD_Org_ID" EntityType="D" IsValueDisplayed="Y" OrderByClause="AD_Org.Name" isActive="Y" WhereClause="AD_Org.IsSummary='N' AND AD_Org_ID &lt;&gt; 0"/>
            </reference>
            <processpara Name="Organization" ADProcessValueID="LVE_deletePayment" ADProcessParaNameID="Organization" ADElementNameID="" ADReferenceNameID="Table" ADReferenceValueNameID="AD_Org (Trx)" ADValRuleNameID="" ColumnName="AD_Org_ID" DefaultValue="@#AD_Org_ID@" DefaultValue2="" Description="Organizational entity within client" EntityType="DCS" Help="An organization is a unit of your client or legal entity - examples are store, department. You can share data between organizations." isActive="true" VFormat="" ValueMax="" ValueMin="" SeqNo="20" FieldLength="0" isCentrallyMaintained="true" isMandatory="true" isRange="false"/>
            <reference AD_Reference_ID="30" name="Search" Description="Search Field" EntityType="D" Help="" Name="Search" isActive="true" VFormat="" ValidationType="D"/>
            <processpara Name="Business Partner " ADProcessValueID="LVE_deletePayment" ADProcessParaNameID="Business Partner " ADElementNameID="C_BPartner_ID" ADReferenceNameID="Search" ADReferenceValueNameID="" ADValRuleNameID="" ColumnName="C_BPartner_ID" DefaultValue="' '" DefaultValue2="" Description="Identifies a Business Partner" EntityType="DCS" Help="A Business Partner is anyone with whom you transact.  This can include Vendor, Customer, Employee or Salesperson" isActive="true" VFormat="" ValueMax="" ValueMin="" SeqNo="30" FieldLength="0" isCentrallyMaintained="true" isMandatory="true" isRange="false"/>
            <reference AD_Reference_ID="19" name="Table Direct" Description="Direct Table Access" EntityType="D" Help="" Name="Table Direct" isActive="true" VFormat="" ValidationType="D"/>
            <dynvalrule Name="C_Payment of delete" Code="C_Payment.C_BPartner_ID=@C_BPartner_ID@  AND  C_Payment.AD_Org_ID = @AD_Org_ID@ AND C_Payment.AD_Client_ID = @AD_Client_ID@" Description="C_Payment of delete" EntityType="DCS" Type="S" isActive="true"/>
            <processpara Name="Payment" ADProcessValueID="LVE_deletePayment" ADProcessParaNameID="Payment" ADElementNameID="C_Payment_ID" ADReferenceNameID="Table Direct" ADReferenceValueNameID="" ADValRuleNameID="C_Payment of delete" ColumnName="C_Payment_ID" DefaultValue="" DefaultValue2="" Description="Invoice Identifier" EntityType="DCS" Help="The Invoice Document." isActive="true" VFormat="" ValueMax="" ValueMin="" SeqNo="40" FieldLength="0" isCentrallyMaintained="true" isMandatory="true" isRange="false"/>
        </process>
    </menu>
</adempiereAD>
