<?xml version="1.0" encoding="ISO-8859-1"?>
<?xml-stylesheet type="text/css" href="adempiereDocument.css"?>

<adempiereDocument>
    <header>LVE_Payment Package Description</header>
    <H1>Package Name:</H1>
    <packagename>LVE_Payment</packagename>
    <H1>Creator:</H1>
    <creator>doubleclick</creator>
    <H1>Email Address:</H1>
    <creatorcontact>rsalazar@dcsla.com</creatorcontact>
    <H1>Created:</H1>
    <createddate>2012-10-09 14:29:17</createddate>
    <H1>Updated:</H1>
    <updateddate>2012-10-09 14:29:17</updateddate>
    <H1>Description:</H1>
    <description>LVE_Payment</description>
    <H1>Instructions:</H1>
    <instructions>LVE_Payment</instructions>
    <H1>Files in Package:</H1>
    <file>File: PackOut.xml</file>
    <filedirectory>Directory: \dict\</filedirectory>
    <filenotes>Notes: Contains all application/object settings for package</filenotes>
</adempiereDocument>
