<?xml version="1.0" encoding="ISO-8859-1"?>
<?xml-stylesheet type="text/css" href="adempiereDocument.css"?>

<adempiereDocument>
    <header>LVERetenciones Package Description</header>
    <H1>Package Name:</H1>
    <packagename>LVERetenciones</packagename>
    <H1>Creator:</H1>
    <creator>doubleclick</creator>
    <H1>Email Address:</H1>
    <creatorcontact>rsalazar@dcsla.com</creatorcontact>
    <H1>Created:</H1>
    <createddate>2011-06-30 09:26:54</createddate>
    <H1>Updated:</H1>
    <updateddate>2011-08-30 08:58:44</updateddate>
    <H1>Description:</H1>
    <description>LVERetenciones</description>
    <H1>Instructions:</H1>
    <instructions>LVERetenciones</instructions>
    <H1>Files in Package:</H1>
    <file>File: PackOut.xml</file>
    <filedirectory>Directory: \dict\</filedirectory>
    <filenotes>Notes: Contains all application/object settings for package</filenotes>
</adempiereDocument>
