<?xml version="1.0" encoding="ISO-8859-1"?>
<?xml-stylesheet type="text/css" href="adempiereDocument.css"?>

<adempiereDocument>
    <header>LVE_Deposit Package Description</header>
    <H1>Package Name:</H1>
    <packagename>LVE_Deposit</packagename>
    <H1>Creator:</H1>
    <creator>aparra@dcs.net.ve</creator>
    <H1>Email Address:</H1>
    <creatorcontact>aparra@dcs.net.ve</creatorcontact>
    <H1>Created:</H1>
    <createddate>2012-09-25 11:11:13</createddate>
    <H1>Updated:</H1>
    <updateddate>2012-09-25 11:11:13</updateddate>
    <H1>Description:</H1>
    <description>Modulo de Dep�sitos Bancarios</description>
    <H1>Instructions:</H1>
    <instructions>Modulo de Depositos Bancarios</instructions>
    <H1>Files in Package:</H1>
    <file>File: PackOut.xml</file>
    <filedirectory>Directory: \dict\</filedirectory>
    <filenotes>Notes: Contains all application/object settings for package</filenotes>
</adempiereDocument>
